
INSERT INTO User(user_Id, username, password) VALUES (1, 'JohnSmith',  '1212');
INSERT INTO User(user_Id, username, password) VALUES (2, 'zollaBerhe',  '1221');
INSERT INTO User(user_Id, username, password) VALUES (3, 'arsemazolla',  '1221');
INSERT INTO User(user_Id, username, password) VALUES (4, 'alonizolla',  '1221');
INSERT INTO User(user_Id, username, password) VALUES (5, 'tikdemkahsay',  '1221');


-- INSERT INTO Student(student_Id,student_Name,student_Dob,class_Id) VALUES(1, 'Zelalem Berhe', '2002-01-01', 2);
INSERT INTO Student(student_Id,student_Name,student_Dob,class_Id) VALUES(2, 'Arsema Zelalem', '2007-07-01', 1);
INSERT INTO Student(student_Id,student_Name,student_Dob,class_Id) VALUES(3, 'Aloni Zelalem', '2020-08-07', 1);
INSERT INTO Student(student_Id,student_Name,student_Dob,class_Id) VALUES(4, 'Hadis Mehari', '1984-01-12', 3);
INSERT INTO Student(student_Id,student_Name,student_Dob,class_Id) VALUES(5, 'Challa Bedada', '1990-01-01', 4);
INSERT INTO Student(student_Id,student_Name,student_Dob,class_Id) VALUES(6, 'Amete Mendeleya', '1992-01-01', 4);
INSERT INTO Student(student_Id,student_Name,student_Dob,class_Id) VALUES(7, 'Halefom Rebso', '1990-08-11', 5);


INSERT INTO Subject(subject_Id,sub_Name,sub_Lang,class_Id,teacher_Id) VALUES(1, 'Spring framework','English', 5, 1);
INSERT INTO Subject(subject_Id,sub_Name,sub_Lang,class_Id,teacher_Id) VALUES(2, 'Enterprise Architecture','English', 4, 2);
INSERT INTO Subject(subject_Id,sub_Name,sub_Lang,class_Id,teacher_Id) VALUES(3, 'Web Application programming','English', 3, 3);
INSERT INTO Subject(subject_Id,sub_Name,sub_Lang,class_Id,teacher_Id) VALUES(4, 'Relational Database','English', 3, 1);
INSERT INTO Subject(subject_Id,sub_Name,sub_Lang,class_Id,teacher_Id) VALUES(5, 'Algorithms','English', 1, 3);
INSERT INTO Subject(subject_Id,sub_Name,sub_Lang,class_Id,teacher_Id) VALUES(6, 'Java Programming fundamental','English', 2, 5);
INSERT INTO Subject(subject_Id,sub_Name,sub_Lang,class_Id,teacher_Id) VALUES(7, 'front-end design','English', 2, 4);
INSERT INTO Subject(subject_Id,sub_Name,sub_Lang,class_Id,teacher_Id) VALUES(8, 'Software engineering','English', 1, 4);


INSERT INTO Teacher(teacher_Id,teacher_Name,teacher_Category,experience) VALUES(1, 'Erica John','Sinor', 10);
INSERT INTO Teacher(teacher_Id,teacher_Name,teacher_Category,experience) VALUES(2, 'Seloman lahm','jinor', 3);
INSERT INTO Teacher(teacher_Id,teacher_Name,teacher_Category,experience) VALUES(3, 'colina Josph','sinor', 6);
INSERT INTO Teacher(t_Id,teacher_Name,teacher_Category,experience) VALUES(4, 'Erickson Henery','Sinor', 9);
INSERT INTO Teacher(teacher_Id,teacher_Name,teacher_Category,experience) VALUES(5, 'Thomas John','Sinor', 7);
INSERT INTO Teacher(teacher_Id,teacher_Name,teacher_Category,experience) VALUES(6, 'Araya Zerhun','Sinor', 5);


INSERT INTO class(class_Id, standard, division) VALUES(1, 1,'div1');
INSERT INTO class(class_Id, standard, division) VALUES(2, 1,'div2');
INSERT INTO class(class_Id, standard, division) VALUES(3, 2,'div3');
INSERT INTO class(class_Id, standard, division) VALUES(4, 2,'div4');
INSERT INTO class(class_Id, standard, division) VALUES(5, 3,'div5');
INSERT INTO class(class_Id, standard, division) VALUES(6, 3,'div6');
INSERT INTO class(class_Id, standard, division) VALUES(7, 4,'div7');
INSERT INTO class(class_Id, standard, division) VALUES(8, 4,'div8');
INSERT INTO class(class_Id, standard, division) VALUES(9, 5,'div9');



